titles,links,title,ext,duration
A Blank On The Map.mp4,https://archive.org/download/WildlifeDocumentaries/A Blank On The Map.mp4,A Blank On The Map,.mp4,59.85
Africa - Promo 01 - Coming Soon.mp4,https://archive.org/download/WildlifeDocumentaries/Africa - Promo 01 - Coming Soon.mp4,Africa - Promo 01 - Coming Soon,.mp4,1.0
Africa - Promo 02 - Concludes.mp4,https://archive.org/download/WildlifeDocumentaries/Africa - Promo 02 - Concludes.mp4,Africa - Promo 02 - Concludes,.mp4,0.5
Africa - Promo 03 - DVD.mp4,https://archive.org/download/WildlifeDocumentaries/Africa - Promo 03 - DVD.mp4,Africa - Promo 03 - DVD,.mp4,2.09
Africa - S01 - E01 - Kalahari.mp4,https://archive.org/download/WildlifeDocumentaries/Africa - S01 - E01 - Kalahari.mp4,Africa - S01 - E01 - Kalahari,.mp4,57.95
Africa - S01 - E02 - Savannah.mp4,https://archive.org/download/WildlifeDocumentaries/Africa - S01 - E02 - Savannah.mp4,Africa - S01 - E02 - Savannah,.mp4,58.77
Africa - S01 - E03 - Congo.mp4,https://archive.org/download/WildlifeDocumentaries/Africa - S01 - E03 - Congo.mp4,Africa - S01 - E03 - Congo,.mp4,58.17
Africa - S01 - E04 - Cape.mp4,https://archive.org/download/WildlifeDocumentaries/Africa - S01 - E04 - Cape.mp4,Africa - S01 - E04 - Cape,.mp4,57.87
Africa - S01 - E05 - Sahara.mp4,https://archive.org/download/WildlifeDocumentaries/Africa - S01 - E05 - Sahara.mp4,Africa - S01 - E05 - Sahara,.mp4,59.33
Africa - S01 - E06 - The Future.mp4,https://archive.org/download/WildlifeDocumentaries/Africa - S01 - E06 - The Future.mp4,Africa - S01 - E06 - The Future,.mp4,58.43
Africa - S01 - E07 - The Greatest Show On Earth.mp4,https://archive.org/download/WildlifeDocumentaries/Africa - S01 - E07 - The Greatest Show On Earth.mp4,Africa - S01 - E07 - The Greatest Show On Earth,.mp4,58.54
Attenborough - 60 Years In The Wild - S01 - E01 - Life On Camera.mp4,https://archive.org/download/WildlifeDocumentaries/Attenborough - 60 Years In The Wild - S01 - E01 - Life On Camera.mp4,60 Years In The Wild - S01 - E01 - Life On Camera,.mp4,58.43
Attenborough - 60 Years In The Wild - S01 - E02 - Understanding The Natural World.mp4,https://archive.org/download/WildlifeDocumentaries/Attenborough - 60 Years In The Wild - S01 - E02 - Understanding The Natural World.mp4,60 Years In The Wild - S01 - E02 - Understanding The Natural World,.mp4,59.08
Attenborough - 60 Years In The Wild - S01 - E03 - Our Fragile Planet.mp4,https://archive.org/download/WildlifeDocumentaries/Attenborough - 60 Years In The Wild - S01 - E03 - Our Fragile Planet.mp4,60 Years In The Wild - S01 - E03 - Our Fragile Planet,.mp4,59.05
Attenborough And The Giant Egg.mp4,https://archive.org/download/WildlifeDocumentaries/Attenborough And The Giant Egg.mp4,Attenborough And The Giant Egg,.mp4,58.84
Attenborough On Adele.mp4,https://archive.org/download/WildlifeDocumentaries/Attenborough On Adele.mp4,Attenborough On Adele,.mp4,1.94
Attenborough On Parkinson - 23-01-1998.mp4,https://archive.org/download/WildlifeDocumentaries/Attenborough On Parkinson - 23-01-1998.mp4,Attenborough On Parkinson - 23-01-1998,.mp4,27.97
Attenborough's Journey.mp4,https://archive.org/download/WildlifeDocumentaries/Attenborough's Journey.mp4,Attenborough's Journey,.mp4,58.45
Attenborough's Natural Curiosities - S01 - E01 - Stretched To The Limit.mp4,https://archive.org/download/WildlifeDocumentaries/Attenborough's Natural Curiosities - S01 - E01 - Stretched To The Limit.mp4,Attenborough's Natural Curiosities - S01 - E01 - Stretched To The Limit,.mp4,22.26
Attenborough's Natural Curiosities - S01 - E02 - A Curious Hoax.mp4,https://archive.org/download/WildlifeDocumentaries/Attenborough's Natural Curiosities - S01 - E02 - A Curious Hoax.mp4,Attenborough's Natural Curiosities - S01 - E02 - A Curious Hoax,.mp4,22.27
Attenborough's Natural Curiosities - S01 - E03 - Young Wrinklies.mp4,https://archive.org/download/WildlifeDocumentaries/Attenborough's Natural Curiosities - S01 - E03 - Young Wrinklies.mp4,Attenborough's Natural Curiosities - S01 - E03 - Young Wrinklies,.mp4,21.89
Attenborough's Natural Curiosities - S01 - E04 - A Curious Twist.mp4,https://archive.org/download/WildlifeDocumentaries/Attenborough's Natural Curiosities - S01 - E04 - A Curious Twist.mp4,Attenborough's Natural Curiosities - S01 - E04 - A Curious Twist,.mp4,21.88
Attenborough's Natural Curiosities - S01 - E05 - Seeing The Pattern.mp4,https://archive.org/download/WildlifeDocumentaries/Attenborough's Natural Curiosities - S01 - E05 - Seeing The Pattern.mp4,Attenborough's Natural Curiosities - S01 - E05 - Seeing The Pattern,.mp4,22.3
Attenborough's Natural Curiosities - S02 - E01 - Virgin Births.mp4,https://archive.org/download/WildlifeDocumentaries/Attenborough's Natural Curiosities - S02 - E01 - Virgin Births.mp4,Attenborough's Natural Curiosities - S02 - E01 - Virgin Births,.mp4,22.27
Attenborough's Natural Curiosities - S02 - E02 - Armoured Animals.mp4,https://archive.org/download/WildlifeDocumentaries/Attenborough's Natural Curiosities - S02 - E02 - Armoured Animals.mp4,Attenborough's Natural Curiosities - S02 - E02 - Armoured Animals,.mp4,21.82
Attenborough's Natural Curiosities - S02 - E03 - Life In The Dark.mp4,https://archive.org/download/WildlifeDocumentaries/Attenborough's Natural Curiosities - S02 - E03 - Life In The Dark.mp4,Attenborough's Natural Curiosities - S02 - E03 - Life In The Dark,.mp4,22.32
Attenborough's Natural Curiosities - S02 - E04 - Curious Imposters.mp4,https://archive.org/download/WildlifeDocumentaries/Attenborough's Natural Curiosities - S02 - E04 - Curious Imposters.mp4,Attenborough's Natural Curiosities - S02 - E04 - Curious Imposters,.mp4,22.39
Attenborough's Natural Curiosities - S02 - E05 - Bad Reputations.mp4,https://archive.org/download/WildlifeDocumentaries/Attenborough's Natural Curiosities - S02 - E05 - Bad Reputations.mp4,Attenborough's Natural Curiosities - S02 - E05 - Bad Reputations,.mp4,22.09
Attenborough's Natural Curiosities - S02 - E06 - Shocking Senses.mp4,https://archive.org/download/WildlifeDocumentaries/Attenborough's Natural Curiosities - S02 - E06 - Shocking Senses.mp4,Attenborough's Natural Curiosities - S02 - E06 - Shocking Senses,.mp4,22.34
Attenborough's Natural Curiosities - S02 - E07 - Life On Ice.mp4,https://archive.org/download/WildlifeDocumentaries/Attenborough's Natural Curiosities - S02 - E07 - Life On Ice.mp4,Attenborough's Natural Curiosities - S02 - E07 - Life On Ice,.mp4,22.21
Attenborough's Natural Curiosities - S02 - E08 - Spinners And Weavers.mp4,https://archive.org/download/WildlifeDocumentaries/Attenborough's Natural Curiosities - S02 - E08 - Spinners And Weavers.mp4,Attenborough's Natural Curiosities - S02 - E08 - Spinners And Weavers,.mp4,22.06
Attenborough's Natural Curiosities - S02 - E09 - Strange Parents.mp4,https://archive.org/download/WildlifeDocumentaries/Attenborough's Natural Curiosities - S02 - E09 - Strange Parents.mp4,Attenborough's Natural Curiosities - S02 - E09 - Strange Parents,.mp4,22.41
Attenborough's Natural Curiosities - S02 - E10 - Magical Appearances.mp4,https://archive.org/download/WildlifeDocumentaries/Attenborough's Natural Curiosities - S02 - E10 - Magical Appearances.mp4,Attenborough's Natural Curiosities - S02 - E10 - Magical Appearances,.mp4,21.86
Attenborough's Natural Curiosities - S03 - E01 - Impossible Feats.mp4,https://archive.org/download/WildlifeDocumentaries/Attenborough's Natural Curiosities - S03 - E01 - Impossible Feats.mp4,Attenborough's Natural Curiosities - S03 - E01 - Impossible Feats,.mp4,22.5
Attenborough's Natural Curiosities - S03 - E02 - Curious Minds.mp4,https://archive.org/download/WildlifeDocumentaries/Attenborough's Natural Curiosities - S03 - E02 - Curious Minds.mp4,Attenborough's Natural Curiosities - S03 - E02 - Curious Minds,.mp4,22.3
Attenborough's Natural Curiosities - S03 - E03 - Expandable Bodies.mp4,https://archive.org/download/WildlifeDocumentaries/Attenborough's Natural Curiosities - S03 - E03 - Expandable Bodies.mp4,Attenborough's Natural Curiosities - S03 - E03 - Expandable Bodies,.mp4,22.33
Attenborough's Natural Curiosities - S03 - E04 - Curious Feeders.mp4,https://archive.org/download/WildlifeDocumentaries/Attenborough's Natural Curiosities - S03 - E04 - Curious Feeders.mp4,Attenborough's Natural Curiosities - S03 - E04 - Curious Feeders,.mp4,22.31
Attenborough's Natural Curiosities - S03 - E05 - Curious Cures.mp4,https://archive.org/download/WildlifeDocumentaries/Attenborough's Natural Curiosities - S03 - E05 - Curious Cures.mp4,Attenborough's Natural Curiosities - S03 - E05 - Curious Cures,.mp4,22.39
Attenborough's Natural Curiosities - S03 - E06 - Remarkable Regeneration.mp4,https://archive.org/download/WildlifeDocumentaries/Attenborough's Natural Curiosities - S03 - E06 - Remarkable Regeneration.mp4,Attenborough's Natural Curiosities - S03 - E06 - Remarkable Regeneration,.mp4,22.03
Attenborough's Paradise Birds.mp4,https://archive.org/download/WildlifeDocumentaries/Attenborough's Paradise Birds.mp4,Attenborough's Paradise Birds,.mp4,58.7
Bears - Spy In The Woods.mp4,https://archive.org/download/WildlifeDocumentaries/Bears - Spy In The Woods.mp4,Bears - Spy In The Woods,.mp4,59.07
Charles Darwin And The Tree Of Life.mp4,https://archive.org/download/WildlifeDocumentaries/Charles Darwin And The Tree Of Life.mp4,Charles Darwin And The Tree Of Life,.mp4,59.18
Crocodile - The Smiling Predator.mp4,https://archive.org/download/WildlifeDocumentaries/Crocodile - The Smiling Predator.mp4,Crocodile - The Smiling Predator,.mp4,48.19
David Attenborough - The Early Years.mp4,https://archive.org/download/WildlifeDocumentaries/David Attenborough - The Early Years.mp4,David The Early Years,.mp4,28.37
David Attenborough - What A Wonderful World.mp4,https://archive.org/download/WildlifeDocumentaries/David Attenborough - What A Wonderful World.mp4,David What A Wonderful World,.mp4,2.0
David Attenborough Meets President Obama.mp4,https://archive.org/download/WildlifeDocumentaries/David Attenborough Meets President Obama.mp4,David Attenborough Meets President Obama,.mp4,35.27
David Attenborough Talks To Mark Lawson.mp4,https://archive.org/download/WildlifeDocumentaries/David Attenborough Talks To Mark Lawson.mp4,David Attenborough Talks To Mark Lawson,.mp4,29.09
David Attenborough's - Curling Tribe.mp4,https://archive.org/download/WildlifeDocumentaries/David Attenborough's - Curling Tribe.mp4,David Attenborough's - Curling Tribe,.mp4,1.68
David Attenborough's Conquest Of The Skies - S01 - E01 - The First To Fly.mp4,https://archive.org/download/WildlifeDocumentaries/David Attenborough's Conquest Of The Skies - S01 - E01 - The First To Fly.mp4,David Attenborough's Conquest Of The Skies - S01 - E01 - The First To Fly,.mp4,43.94
David Attenborough's Conquest Of The Skies - S01 - E02 - Rivals.mp4,https://archive.org/download/WildlifeDocumentaries/David Attenborough's Conquest Of The Skies - S01 - E02 - Rivals.mp4,David Attenborough's Conquest Of The Skies - S01 - E02 - Rivals,.mp4,43.46
David Attenborough's Conquest Of The Skies - S01 - E03 - Triumph.mp4,https://archive.org/download/WildlifeDocumentaries/David Attenborough's Conquest Of The Skies - S01 - E03 - Triumph.mp4,David Attenborough's Conquest Of The Skies - S01 - E03 - Triumph,.mp4,43.95
David Attenborough's Conquest Of The Skies - S01 - E04 - The Making Of.mp4,https://archive.org/download/WildlifeDocumentaries/David Attenborough's Conquest Of The Skies - S01 - E04 - The Making Of.mp4,David Attenborough's Conquest Of The Skies - S01 - E04 - The Making Of,.mp4,43.12
David Attenborough's First Life - S01 - E01 - Arrival.mp4,https://archive.org/download/WildlifeDocumentaries/David Attenborough's First Life - S01 - E01 - Arrival.mp4,David Attenborough's First Life - S01 - E01 - Arrival,.mp4,58.88
David Attenborough's First Life - S01 - E02 - Conquest.mp4,https://archive.org/download/WildlifeDocumentaries/David Attenborough's First Life - S01 - E02 - Conquest.mp4,David Attenborough's First Life - S01 - E02 - Conquest,.mp4,58.9
David Attenborough's Galapagos - S01 - E01 - Origin.mp4,https://archive.org/download/WildlifeDocumentaries/David Attenborough's Galapagos - S01 - E01 - Origin.mp4,David Attenborough's Galapagos - S01 - E01 - Origin,.mp4,52.12
David Attenborough's Galapagos - S01 - E02 - Adaptation.mp4,https://archive.org/download/WildlifeDocumentaries/David Attenborough's Galapagos - S01 - E02 - Adaptation.mp4,David Attenborough's Galapagos - S01 - E02 - Adaptation,.mp4,52.12
David Attenborough's Galapagos - S01 - E03 - Evolution.mp4,https://archive.org/download/WildlifeDocumentaries/David Attenborough's Galapagos - S01 - E03 - Evolution.mp4,David Attenborough's Galapagos - S01 - E03 - Evolution,.mp4,52.15
David Attenborough's Galapagos - S01 - E04 - Making Attenborough's Galapagos.mp4,https://archive.org/download/WildlifeDocumentaries/David Attenborough's Galapagos - S01 - E04 - Making Attenborough's Galapagos.mp4,David Attenborough's Galapagos - S01 - E04 - Making Attenborough's Galapagos,.mp4,50.05
David Attenborough's Kingdom Of Plants - S01 - E01 - Life In The Wet Zone.mp4,https://archive.org/download/WildlifeDocumentaries/David Attenborough's Kingdom Of Plants - S01 - E01 - Life In The Wet Zone.mp4,David Attenborough's Kingdom Of Plants - S01 - E01 - Life In The Wet Zone,.mp4,50.1
David Attenborough's Kingdom Of Plants - S01 - E02 - Solving The Secrets.mp4,https://archive.org/download/WildlifeDocumentaries/David Attenborough's Kingdom Of Plants - S01 - E02 - Solving The Secrets.mp4,David Attenborough's Kingdom Of Plants - S01 - E02 - Solving The Secrets,.mp4,50.02
David Attenborough's Kingdom Of Plants - S01 - E03 - Survival.mp4,https://archive.org/download/WildlifeDocumentaries/David Attenborough's Kingdom Of Plants - S01 - E03 - Survival.mp4,David Attenborough's Kingdom Of Plants - S01 - E03 - Survival,.mp4,50.07
David Attenborough's Natural History Museum Alive.mp4,https://archive.org/download/WildlifeDocumentaries/David Attenborough's Natural History Museum Alive.mp4,David Attenborough's Natural History Museum Alive,.mp4,63.93
David Attenborough's Rise Of Animals - Triumph Of The Vertebrates - S01 - E01 - From The Seas To The Skies.mp4,https://archive.org/download/WildlifeDocumentaries/David Attenborough's Rise Of Animals - Triumph Of The Vertebrates - S01 - E01 - From The Seas To The Skies.mp4,David Attenborough's Rise Of Animals - Triumph Of The Vertebrates - S01 - E01 - From The Seas To The Skies,.mp4,59.13
David Attenborough's Rise Of Animals - Triumph Of The Vertebrates - S01 - E02 - Dawn Of The Mammals.mp4,https://archive.org/download/WildlifeDocumentaries/David Attenborough's Rise Of Animals - Triumph Of The Vertebrates - S01 - E02 - Dawn Of The Mammals.mp4,David Attenborough's Rise Of Animals - Triumph Of The Vertebrates - S01 - E02 - Dawn Of The Mammals,.mp4,59.18
Eagle - The Master Of The Skies.mp4,https://archive.org/download/WildlifeDocumentaries/Eagle - The Master Of The Skies.mp4,Eagle - The Master Of The Skies,.mp4,48.52
Elsa The Lioness.mp4,https://archive.org/download/WildlifeDocumentaries/Elsa The Lioness.mp4,Elsa The Lioness,.mp4,29.52
Frozen Planet - Promo 01 - DVD.mp4,https://archive.org/download/WildlifeDocumentaries/Frozen Planet - Promo 01 - DVD.mp4,Frozen Planet - Promo 01 - DVD,.mp4,2.03
Frozen Planet - S01 - E01 - To The Ends Of The Earth.mp4,https://archive.org/download/WildlifeDocumentaries/Frozen Planet - S01 - E01 - To The Ends Of The Earth.mp4,Frozen Planet - S01 - E01 - To The Ends Of The Earth,.mp4,58.59
Frozen Planet - S01 - E02 - Spring.mp4,https://archive.org/download/WildlifeDocumentaries/Frozen Planet - S01 - E02 - Spring.mp4,Frozen Planet - S01 - E02 - Spring,.mp4,58.16
Frozen Planet - S01 - E03 - Summer.mp4,https://archive.org/download/WildlifeDocumentaries/Frozen Planet - S01 - E03 - Summer.mp4,Frozen Planet - S01 - E03 - Summer,.mp4,59.08
Frozen Planet - S01 - E04 - Autumn.mp4,https://archive.org/download/WildlifeDocumentaries/Frozen Planet - S01 - E04 - Autumn.mp4,Frozen Planet - S01 - E04 - Autumn,.mp4,58.07
Frozen Planet - S01 - E05 - Winter.mp4,https://archive.org/download/WildlifeDocumentaries/Frozen Planet - S01 - E05 - Winter.mp4,Frozen Planet - S01 - E05 - Winter,.mp4,57.95
Frozen Planet - S01 - E06 - The Last Frontier.mp4,https://archive.org/download/WildlifeDocumentaries/Frozen Planet - S01 - E06 - The Last Frontier.mp4,Frozen Planet - S01 - E06 - The Last Frontier,.mp4,58.22
Frozen Planet - S01 - E07 - On Thin Ice.mp4,https://archive.org/download/WildlifeDocumentaries/Frozen Planet - S01 - E07 - On Thin Ice.mp4,Frozen Planet - S01 - E07 - On Thin Ice,.mp4,57.87
Frozen Planet - S01 - E08 - The Epic Journey.mp4,https://archive.org/download/WildlifeDocumentaries/Frozen Planet - S01 - E08 - The Epic Journey.mp4,Frozen Planet - S01 - E08 - The Epic Journey,.mp4,59.08
Gorillas Revisited With Sir David Attenborough.mp4,https://archive.org/download/WildlifeDocumentaries/Gorillas Revisited With Sir David Attenborough.mp4,Gorillas Revisited With Sir David Attenborough,.mp4,58.83
Great Natural Wonders Of The World.mp4,https://archive.org/download/WildlifeDocumentaries/Great Natural Wonders Of The World.mp4,Great Natural Wonders Of The World,.mp4,57.97
How Many People Can Live On Planet Earth.mp4,https://archive.org/download/WildlifeDocumentaries/How Many People Can Live On Planet Earth.mp4,How Many People Can Live On Planet Earth,.mp4,57.71
Humpback Whale - The Giant Of The Oceans.mp4,https://archive.org/download/WildlifeDocumentaries/Humpback Whale - The Giant Of The Oceans.mp4,Humpback Whale - The Giant Of The Oceans,.mp4,49.11
Leopard - The Agent Of Darkness.mp4,https://archive.org/download/WildlifeDocumentaries/Leopard - The Agent Of Darkness.mp4,Leopard - The Agent Of Darkness,.mp4,49.07
Life - S01 - E01 - Challenges Of Life .mp4,https://archive.org/download/WildlifeDocumentaries/Life - S01 - E01 - Challenges Of Life .mp4,Life - S01 - E01 - Challenges Of Life ,.mp4,57.99
Life - S01 - E02 - Reptiles And Amphibians.mp4,https://archive.org/download/WildlifeDocumentaries/Life - S01 - E02 - Reptiles And Amphibians.mp4,Life - S01 - E02 - Reptiles And Amphibians,.mp4,58.26
Life - S01 - E03 - Mammals .mp4,https://archive.org/download/WildlifeDocumentaries/Life - S01 - E03 - Mammals .mp4,Life - S01 - E03 - Mammals ,.mp4,58.46
Life - S01 - E04 - Fish .mp4,https://archive.org/download/WildlifeDocumentaries/Life - S01 - E04 - Fish .mp4,Life - S01 - E04 - Fish ,.mp4,57.45
Life - S01 - E05 - Birds.mp4,https://archive.org/download/WildlifeDocumentaries/Life - S01 - E05 - Birds.mp4,Life - S01 - E05 - Birds,.mp4,58.19
Life - S01 - E06 - Insects .mp4,https://archive.org/download/WildlifeDocumentaries/Life - S01 - E06 - Insects .mp4,Life - S01 - E06 - Insects ,.mp4,58.33
Life - S01 - E07 - Hunters & Hunted.mp4,https://archive.org/download/WildlifeDocumentaries/Life - S01 - E07 - Hunters & Hunted.mp4,Life - S01 - E07 - Hunters & Hunted,.mp4,57.96
Life - S01 - E08 - Creatures Of The Deep .mp4,https://archive.org/download/WildlifeDocumentaries/Life - S01 - E08 - Creatures Of The Deep .mp4,Life - S01 - E08 - Creatures Of The Deep ,.mp4,58.04
Life - S01 - E09 - Plants.mp4,https://archive.org/download/WildlifeDocumentaries/Life - S01 - E09 - Plants.mp4,Life - S01 - E09 - Plants,.mp4,57.84
Life - S01 - E10 - Primates.mp4,https://archive.org/download/WildlifeDocumentaries/Life - S01 - E10 - Primates.mp4,Life - S01 - E10 - Primates,.mp4,58.19
Life In Cold Blood - S01 - E01 - The Cold Blooded Truth.mp4,https://archive.org/download/WildlifeDocumentaries/Life In Cold Blood - S01 - E01 - The Cold Blooded Truth.mp4,Life In Cold Blood - S01 - E01 - The Cold Blooded Truth,.mp4,58.23
Life In Cold Blood - S01 - E02 - Land Invaders.mp4,https://archive.org/download/WildlifeDocumentaries/Life In Cold Blood - S01 - E02 - Land Invaders.mp4,Life In Cold Blood - S01 - E02 - Land Invaders,.mp4,57.47
Life In Cold Blood - S01 - E03 - Dragons Of The Dry.mp4,https://archive.org/download/WildlifeDocumentaries/Life In Cold Blood - S01 - E03 - Dragons Of The Dry.mp4,Life In Cold Blood - S01 - E03 - Dragons Of The Dry,.mp4,57.94
Life In Cold Blood - S01 - E04 - Sophisticated Serpents.mp4,https://archive.org/download/WildlifeDocumentaries/Life In Cold Blood - S01 - E04 - Sophisticated Serpents.mp4,Life In Cold Blood - S01 - E04 - Sophisticated Serpents,.mp4,58.13
Life In Cold Blood - S01 - E05 - Armoured Giants.mp4,https://archive.org/download/WildlifeDocumentaries/Life In Cold Blood - S01 - E05 - Armoured Giants.mp4,Life In Cold Blood - S01 - E05 - Armoured Giants,.mp4,57.91
Life In The Freezer - S01 - E01 - The Bountiful Sea.mp4,https://archive.org/download/WildlifeDocumentaries/Life In The Freezer - S01 - E01 - The Bountiful Sea.mp4,Life In The Freezer - S01 - E01 - The Bountiful Sea,.mp4,28.8
Life In The Freezer - S01 - E02 - The Ice Retreats.mp4,https://archive.org/download/WildlifeDocumentaries/Life In The Freezer - S01 - E02 - The Ice Retreats.mp4,Life In The Freezer - S01 - E02 - The Ice Retreats,.mp4,29.38
Life In The Freezer - S01 - E03 - The Race To Breed.mp4,https://archive.org/download/WildlifeDocumentaries/Life In The Freezer - S01 - E03 - The Race To Breed.mp4,Life In The Freezer - S01 - E03 - The Race To Breed,.mp4,28.94
Life In The Freezer - S01 - E04 - The Door Closes.mp4,https://archive.org/download/WildlifeDocumentaries/Life In The Freezer - S01 - E04 - The Door Closes.mp4,Life In The Freezer - S01 - E04 - The Door Closes,.mp4,28.95
Life In The Freezer - S01 - E05 - The Big Freeze.mp4,https://archive.org/download/WildlifeDocumentaries/Life In The Freezer - S01 - E05 - The Big Freeze.mp4,Life In The Freezer - S01 - E05 - The Big Freeze,.mp4,29.24
Life In The Freezer - S01 - E06 - Footsteps In The Snow.mp4,https://archive.org/download/WildlifeDocumentaries/Life In The Freezer - S01 - E06 - Footsteps In The Snow.mp4,Life In The Freezer - S01 - E06 - Footsteps In The Snow,.mp4,29.35
Life In The Freezer - S01 - E07 - The Making Of.mp4,https://archive.org/download/WildlifeDocumentaries/Life In The Freezer - S01 - E07 - The Making Of.mp4,Life In The Freezer - S01 - E07 - The Making Of,.mp4,5.04
Life In The Undergrowth - S01 - E01 - Invasion Of The Land.mp4,https://archive.org/download/WildlifeDocumentaries/Life In The Undergrowth - S01 - E01 - Invasion Of The Land.mp4,Life In The Undergrowth - S01 - E01 - Invasion Of The Land,.mp4,58.31
Life In The Undergrowth - S01 - E02 - Taking To The Air.mp4,https://archive.org/download/WildlifeDocumentaries/Life In The Undergrowth - S01 - E02 - Taking To The Air.mp4,Life In The Undergrowth - S01 - E02 - Taking To The Air,.mp4,58.83
Life In The Undergrowth - S01 - E03 - The Silk Spinners.mp4,https://archive.org/download/WildlifeDocumentaries/Life In The Undergrowth - S01 - E03 - The Silk Spinners.mp4,Life In The Undergrowth - S01 - E03 - The Silk Spinners,.mp4,58.46
Life In The Undergrowth - S01 - E04 - Intimate Relations.mp4,https://archive.org/download/WildlifeDocumentaries/Life In The Undergrowth - S01 - E04 - Intimate Relations.mp4,Life In The Undergrowth - S01 - E04 - Intimate Relations,.mp4,58.85
Life In The Undergrowth - S01 - E05 - Supersocieties.mp4,https://archive.org/download/WildlifeDocumentaries/Life In The Undergrowth - S01 - E05 - Supersocieties.mp4,Life In The Undergrowth - S01 - E05 - Supersocieties,.mp4,58.79
Life On Earth - S01 - E01 - The Infinite Varirty.mp4,https://archive.org/download/WildlifeDocumentaries/Life On Earth - S01 - E01 - The Infinite Varirty.mp4,Life On Earth - S01 - E01 - The Infinite Varirty,.mp4,54.28
Life On Earth - S01 - E02 - Building Bodies.mp4,https://archive.org/download/WildlifeDocumentaries/Life On Earth - S01 - E02 - Building Bodies.mp4,Life On Earth - S01 - E02 - Building Bodies,.mp4,53.79
Life On Earth - S01 - E03 - The First Forests.mp4,https://archive.org/download/WildlifeDocumentaries/Life On Earth - S01 - E03 - The First Forests.mp4,Life On Earth - S01 - E03 - The First Forests,.mp4,53.38
Life On Earth - S01 - E04 - The Swarming Hordes.mp4,https://archive.org/download/WildlifeDocumentaries/Life On Earth - S01 - E04 - The Swarming Hordes.mp4,Life On Earth - S01 - E04 - The Swarming Hordes,.mp4,54.47
Life On Earth - S01 - E05 - Conquest Of The Waters.mp4,https://archive.org/download/WildlifeDocumentaries/Life On Earth - S01 - E05 - Conquest Of The Waters.mp4,Life On Earth - S01 - E05 - Conquest Of The Waters,.mp4,54.54
Life On Earth - S01 - E06 - Invasion Of The Land.mp4,https://archive.org/download/WildlifeDocumentaries/Life On Earth - S01 - E06 - Invasion Of The Land.mp4,Life On Earth - S01 - E06 - Invasion Of The Land,.mp4,55.05
Life On Earth - S01 - E07 - Victors Of The Dry Land.mp4,https://archive.org/download/WildlifeDocumentaries/Life On Earth - S01 - E07 - Victors Of The Dry Land.mp4,Life On Earth - S01 - E07 - Victors Of The Dry Land,.mp4,54.59
Life On Earth - S01 - E08 - Lords Of The Air.mp4,https://archive.org/download/WildlifeDocumentaries/Life On Earth - S01 - E08 - Lords Of The Air.mp4,Life On Earth - S01 - E08 - Lords Of The Air,.mp4,53.55
Life On Earth - S01 - E09 - The Rise Of The Mammals.mp4,https://archive.org/download/WildlifeDocumentaries/Life On Earth - S01 - E09 - The Rise Of The Mammals.mp4,Life On Earth - S01 - E09 - The Rise Of The Mammals,.mp4,53.64
Life On Earth - S01 - E10 - Themes And Variations.mp4,https://archive.org/download/WildlifeDocumentaries/Life On Earth - S01 - E10 - Themes And Variations.mp4,Life On Earth - S01 - E10 - Themes And Variations,.mp4,52.9
Life On Earth - S01 - E11 - The Hunters And The Hunted.mp4,https://archive.org/download/WildlifeDocumentaries/Life On Earth - S01 - E11 - The Hunters And The Hunted.mp4,Life On Earth - S01 - E11 - The Hunters And The Hunted,.mp4,54.32
Life On Earth - S01 - E12 - Life In The Trees.mp4,https://archive.org/download/WildlifeDocumentaries/Life On Earth - S01 - E12 - Life In The Trees.mp4,Life On Earth - S01 - E12 - Life In The Trees,.mp4,54.13
Life On Earth - S01 - E13 - The Compulsive Communicators.mp4,https://archive.org/download/WildlifeDocumentaries/Life On Earth - S01 - E13 - The Compulsive Communicators.mp4,Life On Earth - S01 - E13 - The Compulsive Communicators,.mp4,54.04
Life Story - S01 - E00 - Promo.mp4,https://archive.org/download/WildlifeDocumentaries/Life Story - S01 - E00 - Promo.mp4,Life Story - S01 - E00 - Promo,.mp4,1.0
Life Story - S01 - E01 - First Steps.mp4,https://archive.org/download/WildlifeDocumentaries/Life Story - S01 - E01 - First Steps.mp4,Life Story - S01 - E01 - First Steps,.mp4,58.25
Life Story - S01 - E02 - Growing Up.mp4,https://archive.org/download/WildlifeDocumentaries/Life Story - S01 - E02 - Growing Up.mp4,Life Story - S01 - E02 - Growing Up,.mp4,58.5
Life Story - S01 - E03 - Home.mp4,https://archive.org/download/WildlifeDocumentaries/Life Story - S01 - E03 - Home.mp4,Life Story - S01 - E03 - Home,.mp4,58.17
Life Story - S01 - E04 - Power.mp4,https://archive.org/download/WildlifeDocumentaries/Life Story - S01 - E04 - Power.mp4,Life Story - S01 - E04 - Power,.mp4,58.7
Life Story - S01 - E05 - Courtship.mp4,https://archive.org/download/WildlifeDocumentaries/Life Story - S01 - E05 - Courtship.mp4,Life Story - S01 - E05 - Courtship,.mp4,58.62
Life Story - S01 - E06 - Parenthood.mp4,https://archive.org/download/WildlifeDocumentaries/Life Story - S01 - E06 - Parenthood.mp4,Life Story - S01 - E06 - Parenthood,.mp4,58.17
Life Story - S01 - E07 - The Full Circle.mp4,https://archive.org/download/WildlifeDocumentaries/Life Story - S01 - E07 - The Full Circle.mp4,Life Story - S01 - E07 - The Full Circle,.mp4,57.78
"Lost Worlds, Vanished Lives - S01 - E01 - Magic In The Rocks.mp4","https://archive.org/download/WildlifeDocumentaries/Lost Worlds, Vanished Lives - S01 - E01 - Magic In The Rocks.mp4","Lost Worlds, Vanished Lives - S01 - E01 - Magic In The Rocks",.mp4,39.53
"Lost Worlds, Vanished Lives - S01 - E02 - Putting Flesh On Bone.mp4","https://archive.org/download/WildlifeDocumentaries/Lost Worlds, Vanished Lives - S01 - E02 - Putting Flesh On Bone.mp4","Lost Worlds, Vanished Lives - S01 - E02 - Putting Flesh On Bone",.mp4,39.4
"Lost Worlds, Vanished Lives - S01 - E03 - Dinosaur.mp4","https://archive.org/download/WildlifeDocumentaries/Lost Worlds, Vanished Lives - S01 - E03 - Dinosaur.mp4","Lost Worlds, Vanished Lives - S01 - E03 - Dinosaur",.mp4,39.55
"Lost Worlds, Vanished Lives - S01 - E04 - The Rare Glimpses.mp4","https://archive.org/download/WildlifeDocumentaries/Lost Worlds, Vanished Lives - S01 - E04 - The Rare Glimpses.mp4","Lost Worlds, Vanished Lives - S01 - E04 - The Rare Glimpses",.mp4,39.6
Madagascar - S01 - E01 - Island Of Marvels.mp4,https://archive.org/download/WildlifeDocumentaries/Madagascar - S01 - E01 - Island Of Marvels.mp4,Madagascar - S01 - E01 - Island Of Marvels,.mp4,59.06
Madagascar - S01 - E02 - Lost Worlds.mp4,https://archive.org/download/WildlifeDocumentaries/Madagascar - S01 - E02 - Lost Worlds.mp4,Madagascar - S01 - E02 - Lost Worlds,.mp4,59.08
Madagascar - S01 - E03 - Land Of Heat And Dust.mp4,https://archive.org/download/WildlifeDocumentaries/Madagascar - S01 - E03 - Land Of Heat And Dust.mp4,Madagascar - S01 - E03 - Land Of Heat And Dust,.mp4,58.5
Micro Monsters With David Attenborough - S01 - E01 - Conflict.mp4,https://archive.org/download/WildlifeDocumentaries/Micro Monsters With David Attenborough - S01 - E01 - Conflict.mp4,Micro Monsters With David S01 - E01 - Conflict,.mp4,22.02
Micro Monsters With David Attenborough - S01 - E02 - Predator.mp4,https://archive.org/download/WildlifeDocumentaries/Micro Monsters With David Attenborough - S01 - E02 - Predator.mp4,Micro Monsters With David S01 - E02 - Predator,.mp4,22.78
Micro Monsters With David Attenborough - S01 - E03 - Courtship.mp4,https://archive.org/download/WildlifeDocumentaries/Micro Monsters With David Attenborough - S01 - E03 - Courtship.mp4,Micro Monsters With David S01 - E03 - Courtship,.mp4,22.19
Micro Monsters With David Attenborough - S01 - E04 - Reproduction.mp4,https://archive.org/download/WildlifeDocumentaries/Micro Monsters With David Attenborough - S01 - E04 - Reproduction.mp4,Micro Monsters With David S01 - E04 - Reproduction,.mp4,21.7
Micro Monsters With David Attenborough - S01 - E05 - Family.mp4,https://archive.org/download/WildlifeDocumentaries/Micro Monsters With David Attenborough - S01 - E05 - Family.mp4,Micro Monsters With David S01 - E05 - Family,.mp4,22.52
Micro Monsters With David Attenborough - S01 - E06 - Colony.mp4,https://archive.org/download/WildlifeDocumentaries/Micro Monsters With David Attenborough - S01 - E06 - Colony.mp4,Micro Monsters With David S01 - E06 - Colony,.mp4,22.37
Micro Monsters With David Attenborough - S01 - E07 - The Making Of.mp4,https://archive.org/download/WildlifeDocumentaries/Micro Monsters With David Attenborough - S01 - E07 - The Making Of.mp4,Micro Monsters With David S01 - E07 - The Making Of,.mp4,43.67
Nature's Great Events - S01 - E01 - The Great Melt.mp4,https://archive.org/download/WildlifeDocumentaries/Nature's Great Events - S01 - E01 - The Great Melt.mp4,Nature's Great Events - S01 - E01 - The Great Melt,.mp4,59.38
Nature's Great Events - S01 - E02 - The Great Salmon Run.mp4,https://archive.org/download/WildlifeDocumentaries/Nature's Great Events - S01 - E02 - The Great Salmon Run.mp4,Nature's Great Events - S01 - E02 - The Great Salmon Run,.mp4,59.26
Nature's Great Events - S01 - E03 - The Great Migration.mp4,https://archive.org/download/WildlifeDocumentaries/Nature's Great Events - S01 - E03 - The Great Migration.mp4,Nature's Great Events - S01 - E03 - The Great Migration,.mp4,59.06
Nature's Great Events - S01 - E04 - The Great Tide.mp4,https://archive.org/download/WildlifeDocumentaries/Nature's Great Events - S01 - E04 - The Great Tide.mp4,Nature's Great Events - S01 - E04 - The Great Tide,.mp4,59.08
Nature's Great Events - S01 - E05 - The Great Flood.mp4,https://archive.org/download/WildlifeDocumentaries/Nature's Great Events - S01 - E05 - The Great Flood.mp4,Nature's Great Events - S01 - E05 - The Great Flood,.mp4,59.36
Nature's Great Events - S01 - E06 - The Great Feast.mp4,https://archive.org/download/WildlifeDocumentaries/Nature's Great Events - S01 - E06 - The Great Feast.mp4,Nature's Great Events - S01 - E06 - The Great Feast,.mp4,59.09
Planet Earth - S01 - E01 - From Pole To Pole.mp4,https://archive.org/download/WildlifeDocumentaries/Planet Earth - S01 - E01 - From Pole To Pole.mp4,Planet Earth - S01 - E01 - From Pole To Pole,.mp4,59.08
Planet Earth - S01 - E02 - Mountains.mp4,https://archive.org/download/WildlifeDocumentaries/Planet Earth - S01 - E02 - Mountains.mp4,Planet Earth - S01 - E02 - Mountains,.mp4,57.58
Planet Earth - S01 - E03 - Freshwater.mp4,https://archive.org/download/WildlifeDocumentaries/Planet Earth - S01 - E03 - Freshwater.mp4,Planet Earth - S01 - E03 - Freshwater,.mp4,58.73
Planet Earth - S01 - E04 - Caves.mp4,https://archive.org/download/WildlifeDocumentaries/Planet Earth - S01 - E04 - Caves.mp4,Planet Earth - S01 - E04 - Caves,.mp4,57.19
Planet Earth - S01 - E05 - Deserts.mp4,https://archive.org/download/WildlifeDocumentaries/Planet Earth - S01 - E05 - Deserts.mp4,Planet Earth - S01 - E05 - Deserts,.mp4,58.04
Planet Earth - S01 - E06 - Ice Worlds.mp4,https://archive.org/download/WildlifeDocumentaries/Planet Earth - S01 - E06 - Ice Worlds.mp4,Planet Earth - S01 - E06 - Ice Worlds,.mp4,59.0
Planet Earth - S01 - E07 - Great Plains.mp4,https://archive.org/download/WildlifeDocumentaries/Planet Earth - S01 - E07 - Great Plains.mp4,Planet Earth - S01 - E07 - Great Plains,.mp4,58.8
Planet Earth - S01 - E08 - Jungles.mp4,https://archive.org/download/WildlifeDocumentaries/Planet Earth - S01 - E08 - Jungles.mp4,Planet Earth - S01 - E08 - Jungles,.mp4,58.93
Planet Earth - S01 - E09 - Shallow Seas.mp4,https://archive.org/download/WildlifeDocumentaries/Planet Earth - S01 - E09 - Shallow Seas.mp4,Planet Earth - S01 - E09 - Shallow Seas,.mp4,58.96
Planet Earth - S01 - E10 - Seasonal Forests.mp4,https://archive.org/download/WildlifeDocumentaries/Planet Earth - S01 - E10 - Seasonal Forests.mp4,Planet Earth - S01 - E10 - Seasonal Forests,.mp4,58.9
Planet Earth - S01 - E11 - Ocean Deep.mp4,https://archive.org/download/WildlifeDocumentaries/Planet Earth - S01 - E11 - Ocean Deep.mp4,Planet Earth - S01 - E11 - Ocean Deep,.mp4,58.91
Planet Earth - The Future - S01 - E01 - Saving Species.mp4,https://archive.org/download/WildlifeDocumentaries/Planet Earth - The Future - S01 - E01 - Saving Species.mp4,Planet Earth - The Future - S01 - E01 - Saving Species,.mp4,58.83
Planet Earth - The Future - S01 - E02 - Into The Wilderness.mp4,https://archive.org/download/WildlifeDocumentaries/Planet Earth - The Future - S01 - E02 - Into The Wilderness.mp4,Planet Earth - The Future - S01 - E02 - Into The Wilderness,.mp4,58.85
Planet Earth - The Future - S01 - E03 - Living Together.mp4,https://archive.org/download/WildlifeDocumentaries/Planet Earth - The Future - S01 - E03 - Living Together.mp4,Planet Earth - The Future - S01 - E03 - Living Together,.mp4,58.92
Polar Bear - The Arctic Warrior.mp4,https://archive.org/download/WildlifeDocumentaries/Polar Bear - The Arctic Warrior.mp4,Polar Bear - The Arctic Warrior,.mp4,49.05
Quest Under Capricorn - S01 - E01 - The Desert Gods.mp4,https://archive.org/download/WildlifeDocumentaries/Quest Under Capricorn - S01 - E01 - The Desert Gods.mp4,Quest Under Capricorn - S01 - E01 - The Desert Gods,.mp4,29.4
Quest Under Capricorn - S01 - E02 - Hermits Of Borroloola.mp4,https://archive.org/download/WildlifeDocumentaries/Quest Under Capricorn - S01 - E02 - Hermits Of Borroloola.mp4,Quest Under Capricorn - S01 - E02 - Hermits Of Borroloola,.mp4,29.45
"Quest Under Capricorn - S01 - E03 - Buffalo, Geese And Men.mp4","https://archive.org/download/WildlifeDocumentaries/Quest Under Capricorn - S01 - E03 - Buffalo, Geese And Men.mp4","Quest Under Capricorn - S01 - E03 - Buffalo, Geese And Men",.mp4,29.28
Quest Under Capricorn - S01 - E04 - The Artists Of Arnhem Land.mp4,https://archive.org/download/WildlifeDocumentaries/Quest Under Capricorn - S01 - E04 - The Artists Of Arnhem Land.mp4,Quest Under Capricorn - S01 - E04 - The Artists Of Arnhem Land,.mp4,29.88
Quest Under Capricorn - S01 - E05 - Bush Walkabout.mp4,https://archive.org/download/WildlifeDocumentaries/Quest Under Capricorn - S01 - E05 - Bush Walkabout.mp4,Quest Under Capricorn - S01 - E05 - Bush Walkabout,.mp4,29.23
Quest Under Capricorn - S01 - E06 - The First Australians.mp4,https://archive.org/download/WildlifeDocumentaries/Quest Under Capricorn - S01 - E06 - The First Australians.mp4,Quest Under Capricorn - S01 - E06 - The First Australians,.mp4,29.49
State Of The Planet - S01 - E01.mp4,https://archive.org/download/WildlifeDocumentaries/State Of The Planet - S01 - E01.mp4,State Of The Planet - S01 - E01,.mp4,49.22
State Of The Planet - S01 - E02.mp4,https://archive.org/download/WildlifeDocumentaries/State Of The Planet - S01 - E02.mp4,State Of The Planet - S01 - E02,.mp4,49.08
State Of The Planet - S01 - E03.mp4,https://archive.org/download/WildlifeDocumentaries/State Of The Planet - S01 - E03.mp4,State Of The Planet - S01 - E03,.mp4,49.15
The Blue Planet - S01 - E01 - Introduction.mp4,https://archive.org/download/WildlifeDocumentaries/The Blue Planet - S01 - E01 - Introduction.mp4,The Blue Planet - S01 - E01 - Introduction,.mp4,57.82
The Blue Planet - S01 - E02 - The Deep.mp4,https://archive.org/download/WildlifeDocumentaries/The Blue Planet - S01 - E02 - The Deep.mp4,The Blue Planet - S01 - E02 - The Deep,.mp4,58.24
The Blue Planet - S01 - E03 - Open Ocean.mp4,https://archive.org/download/WildlifeDocumentaries/The Blue Planet - S01 - E03 - Open Ocean.mp4,The Blue Planet - S01 - E03 - Open Ocean,.mp4,57.73
The Blue Planet - S01 - E04 - Frozen Seas.mp4,https://archive.org/download/WildlifeDocumentaries/The Blue Planet - S01 - E04 - Frozen Seas.mp4,The Blue Planet - S01 - E04 - Frozen Seas,.mp4,58.29
The Blue Planet - S01 - E05 - Seasonal Seas.mp4,https://archive.org/download/WildlifeDocumentaries/The Blue Planet - S01 - E05 - Seasonal Seas.mp4,The Blue Planet - S01 - E05 - Seasonal Seas,.mp4,57.88
The Blue Planet - S01 - E06 - Coral Seas.mp4,https://archive.org/download/WildlifeDocumentaries/The Blue Planet - S01 - E06 - Coral Seas.mp4,The Blue Planet - S01 - E06 - Coral Seas,.mp4,58.11
The Blue Planet - S01 - E07 - Tidal Seas.mp4,https://archive.org/download/WildlifeDocumentaries/The Blue Planet - S01 - E07 - Tidal Seas.mp4,The Blue Planet - S01 - E07 - Tidal Seas,.mp4,58.23
The Blue Planet - S01 - E08 - Coasts.mp4,https://archive.org/download/WildlifeDocumentaries/The Blue Planet - S01 - E08 - Coasts.mp4,The Blue Planet - S01 - E08 - Coasts,.mp4,57.33
The Blue Planet - S01 - E09 - Deep Trouble.mp4,https://archive.org/download/WildlifeDocumentaries/The Blue Planet - S01 - E09 - Deep Trouble.mp4,The Blue Planet - S01 - E09 - Deep Trouble,.mp4,48.93
The Blue Planet - S01 - E10 - Making Waves.mp4,https://archive.org/download/WildlifeDocumentaries/The Blue Planet - S01 - E10 - Making Waves.mp4,The Blue Planet - S01 - E10 - Making Waves,.mp4,49.07
The Blue Planet - S01 - E11 - Blue.mp4,https://archive.org/download/WildlifeDocumentaries/The Blue Planet - S01 - E11 - Blue.mp4,The Blue Planet - S01 - E11 - Blue,.mp4,5.18
The Blue Planet - S01 - E12 - Interview With Alastair Fothergill - Series Producer.mp4,https://archive.org/download/WildlifeDocumentaries/The Blue Planet - S01 - E12 - Interview With Alastair Fothergill - Series Producer.mp4,The Blue Planet - S01 - E12 - Interview With Alastair Fothergill - Series Producer,.mp4,7.97
The Blue Planet - S01 - E13 - Interview With Doug Allan - Cameraman.mp4,https://archive.org/download/WildlifeDocumentaries/The Blue Planet - S01 - E13 - Interview With Doug Allan - Cameraman.mp4,The Blue Planet - S01 - E13 - Interview With Doug Allan - Cameraman,.mp4,6.11
The Blue Planet - S01 - E14 - Interview With Penny Allen - Researcher.mp4,https://archive.org/download/WildlifeDocumentaries/The Blue Planet - S01 - E14 - Interview With Penny Allen - Researcher.mp4,The Blue Planet - S01 - E14 - Interview With Penny Allen - Researcher,.mp4,8.06
The First Eden - S01 - E01 - The Making Of The Garden.mp4,https://archive.org/download/WildlifeDocumentaries/The First Eden - S01 - E01 - The Making Of The Garden.mp4,The First Eden - S01 - E01 - The Making Of The Garden,.mp4,54.68
The First Eden - S01 - E02 - The Gods Enslaved.mp4,https://archive.org/download/WildlifeDocumentaries/The First Eden - S01 - E02 - The Gods Enslaved.mp4,The First Eden - S01 - E02 - The Gods Enslaved,.mp4,53.27
The First Eden - S01 - E03 - The Wastes Of War.mp4,https://archive.org/download/WildlifeDocumentaries/The First Eden - S01 - E03 - The Wastes Of War.mp4,The First Eden - S01 - E03 - The Wastes Of War,.mp4,54.01
The First Eden - S01 - E04 - Strangers In The Garden.mp4,https://archive.org/download/WildlifeDocumentaries/The First Eden - S01 - E04 - Strangers In The Garden.mp4,The First Eden - S01 - E04 - Strangers In The Garden,.mp4,54.47
The Greatest Wildlife Show On Earth.mp4,https://archive.org/download/WildlifeDocumentaries/The Greatest Wildlife Show On Earth.mp4,The Greatest Wildlife Show On Earth,.mp4,59.08
The Hunt - S01 - E00 - Trailer.mp4,https://archive.org/download/WildlifeDocumentaries/The Hunt - S01 - E00 - Trailer.mp4,The Hunt - S01 - E00 - Trailer,.mp4,1.0
The Hunt - S01 - E01 - The Hardest Challenge.mp4,https://archive.org/download/WildlifeDocumentaries/The Hunt - S01 - E01 - The Hardest Challenge.mp4,The Hunt - S01 - E01 - The Hardest Challenge,.mp4,58.11
The Hunt - S01 - E02 - In The Grip Of The Seasons - Arctic.mp4,https://archive.org/download/WildlifeDocumentaries/The Hunt - S01 - E02 - In The Grip Of The Seasons - Arctic.mp4,The Hunt - S01 - E02 - In The Grip Of The Seasons - Arctic,.mp4,57.97
The Hunt - S01 - E03 - Hide And Seek - Forests.mp4,https://archive.org/download/WildlifeDocumentaries/The Hunt - S01 - E03 - Hide And Seek - Forests.mp4,The Hunt - S01 - E03 - Hide And Seek - Forests,.mp4,58.12
The Hunt - S01 - E04 - Hunger At Sea - Oceans.mp4,https://archive.org/download/WildlifeDocumentaries/The Hunt - S01 - E04 - Hunger At Sea - Oceans.mp4,The Hunt - S01 - E04 - Hunger At Sea - Oceans,.mp4,57.02
The Hunt - S01 - E05 - Nowhere To Hide - Plains.mp4,https://archive.org/download/WildlifeDocumentaries/The Hunt - S01 - E05 - Nowhere To Hide - Plains.mp4,The Hunt - S01 - E05 - Nowhere To Hide - Plains,.mp4,56.82
The Hunt - S01 - E06 - Race Against Time - Coasts.mp4,https://archive.org/download/WildlifeDocumentaries/The Hunt - S01 - E06 - Race Against Time - Coasts.mp4,The Hunt - S01 - E06 - Race Against Time - Coasts,.mp4,57.72
The Hunt - S01 - E07 - Living With Predators - Conservation.mp4,https://archive.org/download/WildlifeDocumentaries/The Hunt - S01 - E07 - Living With Predators - Conservation.mp4,The Hunt - S01 - E07 - Living With Predators - Conservation,.mp4,57.94
The Life Of Birds - S01 - E01 - To Fly Or Not To Fly.mp4,https://archive.org/download/WildlifeDocumentaries/The Life Of Birds - S01 - E01 - To Fly Or Not To Fly.mp4,The Life Of Birds - S01 - E01 - To Fly Or Not To Fly,.mp4,49.2
The Life Of Birds - S01 - E02 - The Mastery Of Flight.mp4,https://archive.org/download/WildlifeDocumentaries/The Life Of Birds - S01 - E02 - The Mastery Of Flight.mp4,The Life Of Birds - S01 - E02 - The Mastery Of Flight,.mp4,49.18
The Life Of Birds - S01 - E03 - The Insatiable Appetite.mp4,https://archive.org/download/WildlifeDocumentaries/The Life Of Birds - S01 - E03 - The Insatiable Appetite.mp4,The Life Of Birds - S01 - E03 - The Insatiable Appetite,.mp4,49.17
The Life Of Birds - S01 - E04 - Meat-Eaters.mp4,https://archive.org/download/WildlifeDocumentaries/The Life Of Birds - S01 - E04 - Meat-Eaters.mp4,The Life Of Birds - S01 - E04 - Meat-Eaters,.mp4,49.17
The Life Of Birds - S01 - E05 - Fishing For A Living.mp4,https://archive.org/download/WildlifeDocumentaries/The Life Of Birds - S01 - E05 - Fishing For A Living.mp4,The Life Of Birds - S01 - E05 - Fishing For A Living,.mp4,49.08
The Life Of Birds - S01 - E06 - Signals And Songs.mp4,https://archive.org/download/WildlifeDocumentaries/The Life Of Birds - S01 - E06 - Signals And Songs.mp4,The Life Of Birds - S01 - E06 - Signals And Songs,.mp4,49.35
The Life Of Birds - S01 - E07 - Finding Partners.mp4,https://archive.org/download/WildlifeDocumentaries/The Life Of Birds - S01 - E07 - Finding Partners.mp4,The Life Of Birds - S01 - E07 - Finding Partners,.mp4,49.19
The Life Of Birds - S01 - E08 - The Demands Of The Egg.mp4,https://archive.org/download/WildlifeDocumentaries/The Life Of Birds - S01 - E08 - The Demands Of The Egg.mp4,The Life Of Birds - S01 - E08 - The Demands Of The Egg,.mp4,49.19
The Life Of Birds - S01 - E09 - The Problems Of Parenthood.mp4,https://archive.org/download/WildlifeDocumentaries/The Life Of Birds - S01 - E09 - The Problems Of Parenthood.mp4,The Life Of Birds - S01 - E09 - The Problems Of Parenthood,.mp4,49.19
The Life Of Birds - S01 - E10 - The Limits Of Endurance.mp4,https://archive.org/download/WildlifeDocumentaries/The Life Of Birds - S01 - E10 - The Limits Of Endurance.mp4,The Life Of Birds - S01 - E10 - The Limits Of Endurance,.mp4,54.67
The Life Of Mammals - S01 - E01 - A Winning Design.mp4,https://archive.org/download/WildlifeDocumentaries/The Life Of Mammals - S01 - E01 - A Winning Design.mp4,The Life Of Mammals - S01 - E01 - A Winning Design,.mp4,58.53
The Life Of Mammals - S01 - E02 - Insect Hunters.mp4,https://archive.org/download/WildlifeDocumentaries/The Life Of Mammals - S01 - E02 - Insect Hunters.mp4,The Life Of Mammals - S01 - E02 - Insect Hunters,.mp4,58.53
The Life Of Mammals - S01 - E03 - Plant Predators.mp4,https://archive.org/download/WildlifeDocumentaries/The Life Of Mammals - S01 - E03 - Plant Predators.mp4,The Life Of Mammals - S01 - E03 - Plant Predators,.mp4,58.58
The Life Of Mammals - S01 - E04 - Chisellers.mp4,https://archive.org/download/WildlifeDocumentaries/The Life Of Mammals - S01 - E04 - Chisellers.mp4,The Life Of Mammals - S01 - E04 - Chisellers,.mp4,58.42
The Life Of Mammals - S01 - E05 - Meat Eaters.mp4,https://archive.org/download/WildlifeDocumentaries/The Life Of Mammals - S01 - E05 - Meat Eaters.mp4,The Life Of Mammals - S01 - E05 - Meat Eaters,.mp4,58.21
The Life Of Mammals - S01 - E06 - The Opportunists.mp4,https://archive.org/download/WildlifeDocumentaries/The Life Of Mammals - S01 - E06 - The Opportunists.mp4,The Life Of Mammals - S01 - E06 - The Opportunists,.mp4,58.5
The Life Of Mammals - S01 - E07 - Return To The Water.mp4,https://archive.org/download/WildlifeDocumentaries/The Life Of Mammals - S01 - E07 - Return To The Water.mp4,The Life Of Mammals - S01 - E07 - Return To The Water,.mp4,58.14
The Life Of Mammals - S01 - E08 - Life In The Trees.mp4,https://archive.org/download/WildlifeDocumentaries/The Life Of Mammals - S01 - E08 - Life In The Trees.mp4,The Life Of Mammals - S01 - E08 - Life In The Trees,.mp4,58.61
The Life Of Mammals - S01 - E09 - Social Climbers.mp4,https://archive.org/download/WildlifeDocumentaries/The Life Of Mammals - S01 - E09 - Social Climbers.mp4,The Life Of Mammals - S01 - E09 - Social Climbers,.mp4,58.46
The Life Of Mammals - S01 - E10 - Food For Thought.mp4,https://archive.org/download/WildlifeDocumentaries/The Life Of Mammals - S01 - E10 - Food For Thought.mp4,The Life Of Mammals - S01 - E10 - Food For Thought,.mp4,58.83
The Link.mp4,https://archive.org/download/WildlifeDocumentaries/The Link.mp4,The Link,.mp4,59.16
The Living Planet - S01 - E01 - The Building Of The Earth.mp4,https://archive.org/download/WildlifeDocumentaries/The Living Planet - S01 - E01 - The Building Of The Earth.mp4,The Living Planet - S01 - E01 - The Building Of The Earth,.mp4,54.74
The Living Planet - S01 - E02 - The Frozen World.mp4,https://archive.org/download/WildlifeDocumentaries/The Living Planet - S01 - E02 - The Frozen World.mp4,The Living Planet - S01 - E02 - The Frozen World,.mp4,54.72
The Living Planet - S01 - E03 - The Northern Forests.mp4,https://archive.org/download/WildlifeDocumentaries/The Living Planet - S01 - E03 - The Northern Forests.mp4,The Living Planet - S01 - E03 - The Northern Forests,.mp4,54.65
The Living Planet - S01 - E04 - Jungle.mp4,https://archive.org/download/WildlifeDocumentaries/The Living Planet - S01 - E04 - Jungle.mp4,The Living Planet - S01 - E04 - Jungle,.mp4,54.98
The Living Planet - S01 - E05 - Seas Of Grass.mp4,https://archive.org/download/WildlifeDocumentaries/The Living Planet - S01 - E05 - Seas Of Grass.mp4,The Living Planet - S01 - E05 - Seas Of Grass,.mp4,54.24
The Living Planet - S01 - E06 - The Baking Deserts.mp4,https://archive.org/download/WildlifeDocumentaries/The Living Planet - S01 - E06 - The Baking Deserts.mp4,The Living Planet - S01 - E06 - The Baking Deserts,.mp4,54.8
The Living Planet - S01 - E07 - The Sky Above.mp4,https://archive.org/download/WildlifeDocumentaries/The Living Planet - S01 - E07 - The Sky Above.mp4,The Living Planet - S01 - E07 - The Sky Above,.mp4,54.23
The Living Planet - S01 - E08 - Sweet Fresh Water.mp4,https://archive.org/download/WildlifeDocumentaries/The Living Planet - S01 - E08 - Sweet Fresh Water.mp4,The Living Planet - S01 - E08 - Sweet Fresh Water,.mp4,54.05
The Living Planet - S01 - E09 - The Margins Of The Land.mp4,https://archive.org/download/WildlifeDocumentaries/The Living Planet - S01 - E09 - The Margins Of The Land.mp4,The Living Planet - S01 - E09 - The Margins Of The Land,.mp4,54.47
The Living Planet - S01 - E10 - Worlds Apart.mp4,https://archive.org/download/WildlifeDocumentaries/The Living Planet - S01 - E10 - Worlds Apart.mp4,The Living Planet - S01 - E10 - Worlds Apart,.mp4,54.4
The Living Planet - S01 - E11 - The Open Ocean.mp4,https://archive.org/download/WildlifeDocumentaries/The Living Planet - S01 - E11 - The Open Ocean.mp4,The Living Planet - S01 - E11 - The Open Ocean,.mp4,52.85
The Living Planet - S01 - E12 - New Worlds.mp4,https://archive.org/download/WildlifeDocumentaries/The Living Planet - S01 - E12 - New Worlds.mp4,The Living Planet - S01 - E12 - New Worlds,.mp4,54.17
The Lost Gods Of Easter Island.mp4,https://archive.org/download/WildlifeDocumentaries/The Lost Gods Of Easter Island.mp4,The Lost Gods Of Easter Island,.mp4,49.23
The Miracle Of Bali - S01 - E01 - The Midday Sun.mp4,https://archive.org/download/WildlifeDocumentaries/The Miracle Of Bali - S01 - E01 - The Midday Sun.mp4,The Miracle Of Bali - S01 - E01 - The Midday Sun,.mp4,49.65
The Miracle Of Bali - S01 - E02 - Night.mp4,https://archive.org/download/WildlifeDocumentaries/The Miracle Of Bali - S01 - E02 - Night.mp4,The Miracle Of Bali - S01 - E02 - Night,.mp4,49.15
The Miracle Of Bali - S01 - E03 - Recital Of Music.mp4,https://archive.org/download/WildlifeDocumentaries/The Miracle Of Bali - S01 - E03 - Recital Of Music.mp4,The Miracle Of Bali - S01 - E03 - Recital Of Music,.mp4,36.96
The People Of Paradise - S01 - E01 - The Land Divers Of Pentecost.mp4,https://archive.org/download/WildlifeDocumentaries/The People Of Paradise - S01 - E01 - The Land Divers Of Pentecost.mp4,The People Of Paradise - S01 - E01 - The Land Divers Of Pentecost,.mp4,30.13
The People Of Paradise - S01 - E02 - Cargo Cult.mp4,https://archive.org/download/WildlifeDocumentaries/The People Of Paradise - S01 - E02 - Cargo Cult.mp4,The People Of Paradise - S01 - E02 - Cargo Cult,.mp4,30.23
The People Of Paradise - S01 - E03 - The Fire-Walkers Of Fiji.mp4,https://archive.org/download/WildlifeDocumentaries/The People Of Paradise - S01 - E03 - The Fire-Walkers Of Fiji.mp4,The People Of Paradise - S01 - E03 - The Fire-Walkers Of Fiji,.mp4,30.09
The People Of Paradise - S01 - E04 - Outer Islands Of Fiji.mp4,https://archive.org/download/WildlifeDocumentaries/The People Of Paradise - S01 - E04 - Outer Islands Of Fiji.mp4,The People Of Paradise - S01 - E04 - Outer Islands Of Fiji,.mp4,30.13
The Private Life Of Plants - S01 - E01 - Travelling.mp4,https://archive.org/download/WildlifeDocumentaries/The Private Life Of Plants - S01 - E01 - Travelling.mp4,The Private Life Of Plants - S01 - E01 - Travelling,.mp4,48.97
The Private Life Of Plants - S01 - E02 - Growing.mp4,https://archive.org/download/WildlifeDocumentaries/The Private Life Of Plants - S01 - E02 - Growing.mp4,The Private Life Of Plants - S01 - E02 - Growing,.mp4,49.32
The Private Life Of Plants - S01 - E03 - Flowering.mp4,https://archive.org/download/WildlifeDocumentaries/The Private Life Of Plants - S01 - E03 - Flowering.mp4,The Private Life Of Plants - S01 - E03 - Flowering,.mp4,48.81
The Private Life Of Plants - S01 - E04 - The Social Struggle.mp4,https://archive.org/download/WildlifeDocumentaries/The Private Life Of Plants - S01 - E04 - The Social Struggle.mp4,The Private Life Of Plants - S01 - E04 - The Social Struggle,.mp4,48.96
The Private Life Of Plants - S01 - E05 - Living Together.mp4,https://archive.org/download/WildlifeDocumentaries/The Private Life Of Plants - S01 - E05 - Living Together.mp4,The Private Life Of Plants - S01 - E05 - Living Together,.mp4,48.98
The Private Life Of Plants - S01 - E06 - Surviving.mp4,https://archive.org/download/WildlifeDocumentaries/The Private Life Of Plants - S01 - E06 - Surviving.mp4,The Private Life Of Plants - S01 - E06 - Surviving,.mp4,48.52
The Song Of The Earth.mp4,https://archive.org/download/WildlifeDocumentaries/The Song Of The Earth.mp4,The Song Of The Earth,.mp4,49.13
The Trials Of Life - S01 - E01 - Arriving.mp4,https://archive.org/download/WildlifeDocumentaries/The Trials Of Life - S01 - E01 - Arriving.mp4,The Trials Of Life - S01 - E01 - Arriving,.mp4,48.83
The Trials Of Life - S01 - E02 - Growing Up.mp4,https://archive.org/download/WildlifeDocumentaries/The Trials Of Life - S01 - E02 - Growing Up.mp4,The Trials Of Life - S01 - E02 - Growing Up,.mp4,48.65
The Trials Of Life - S01 - E03 - Finding Food.mp4,https://archive.org/download/WildlifeDocumentaries/The Trials Of Life - S01 - E03 - Finding Food.mp4,The Trials Of Life - S01 - E03 - Finding Food,.mp4,43.76
The Trials Of Life - S01 - E04 - Hunting And Escaping.mp4,https://archive.org/download/WildlifeDocumentaries/The Trials Of Life - S01 - E04 - Hunting And Escaping.mp4,The Trials Of Life - S01 - E04 - Hunting And Escaping,.mp4,49.31
The Trials Of Life - S01 - E05 - Finding The Way.mp4,https://archive.org/download/WildlifeDocumentaries/The Trials Of Life - S01 - E05 - Finding The Way.mp4,The Trials Of Life - S01 - E05 - Finding The Way,.mp4,48.49
The Trials Of Life - S01 - E06 - Home Making.mp4,https://archive.org/download/WildlifeDocumentaries/The Trials Of Life - S01 - E06 - Home Making.mp4,The Trials Of Life - S01 - E06 - Home Making,.mp4,49.41
The Trials Of Life - S01 - E07 - Living Together.mp4,https://archive.org/download/WildlifeDocumentaries/The Trials Of Life - S01 - E07 - Living Together.mp4,The Trials Of Life - S01 - E07 - Living Together,.mp4,49.25
The Trials Of Life - S01 - E08 - Fighting.mp4,https://archive.org/download/WildlifeDocumentaries/The Trials Of Life - S01 - E08 - Fighting.mp4,The Trials Of Life - S01 - E08 - Fighting,.mp4,49.05
The Trials Of Life - S01 - E09 - Friends And Rivals.mp4,https://archive.org/download/WildlifeDocumentaries/The Trials Of Life - S01 - E09 - Friends And Rivals.mp4,The Trials Of Life - S01 - E09 - Friends And Rivals,.mp4,47.77
The Trials Of Life - S01 - E10 - Talking To Strangers.mp4,https://archive.org/download/WildlifeDocumentaries/The Trials Of Life - S01 - E10 - Talking To Strangers.mp4,The Trials Of Life - S01 - E10 - Talking To Strangers,.mp4,49.44
The Trials Of Life - S01 - E11 - Courting.mp4,https://archive.org/download/WildlifeDocumentaries/The Trials Of Life - S01 - E11 - Courting.mp4,The Trials Of Life - S01 - E11 - Courting,.mp4,48.99
The Trials Of Life - S01 - E12 - Continuing The Line.mp4,https://archive.org/download/WildlifeDocumentaries/The Trials Of Life - S01 - E12 - Continuing The Line.mp4,The Trials Of Life - S01 - E12 - Continuing The Line,.mp4,49.24
Tiger - Spy In The Jungle - S01 - E01.mp4,https://archive.org/download/WildlifeDocumentaries/Tiger - Spy In The Jungle - S01 - E01.mp4,Tiger - Spy In The Jungle - S01 - E01,.mp4,59.09
Tiger - Spy In The Jungle - S01 - E02.mp4,https://archive.org/download/WildlifeDocumentaries/Tiger - Spy In The Jungle - S01 - E02.mp4,Tiger - Spy In The Jungle - S01 - E02,.mp4,59.1
Tiger - Spy In The Jungle - S01 - E03.mp4,https://archive.org/download/WildlifeDocumentaries/Tiger - Spy In The Jungle - S01 - E03.mp4,Tiger - Spy In The Jungle - S01 - E03,.mp4,59.09
When Bjork Met Attenborough.mp4,https://archive.org/download/WildlifeDocumentaries/When Bjork Met Attenborough.mp4,When Bjork Met Attenborough,.mp4,46.99
Wild Canada - S01 - E01 - The Eternal Frontier.mp4,https://archive.org/download/WildlifeDocumentaries/Wild Canada - S01 - E01 - The Eternal Frontier.mp4,Wild Canada - S01 - E01 - The Eternal Frontier,.mp4,41.91
Wild Canada - S01 - E02 - The Wild West.mp4,https://archive.org/download/WildlifeDocumentaries/Wild Canada - S01 - E02 - The Wild West.mp4,Wild Canada - S01 - E02 - The Wild West,.mp4,41.76
Wild Canada - S01 - E03 - The Heartland.mp4,https://archive.org/download/WildlifeDocumentaries/Wild Canada - S01 - E03 - The Heartland.mp4,Wild Canada - S01 - E03 - The Heartland,.mp4,42.33
Wild Canada - S01 - E04 - Ice Edge.mp4,https://archive.org/download/WildlifeDocumentaries/Wild Canada - S01 - E04 - Ice Edge.mp4,Wild Canada - S01 - E04 - Ice Edge,.mp4,41.78
Wildlife On One - S04 - E01 - Squirrel On My Shoulder.mp4,https://archive.org/download/WildlifeDocumentaries/Wildlife On One - S04 - E01 - Squirrel On My Shoulder.mp4,Wildlife On One - S04 - E01 - Squirrel On My Shoulder,.mp4,22.75
Wildlife On One - S13 - E01 - Pterdactyls - Alive.mp4,https://archive.org/download/WildlifeDocumentaries/Wildlife On One - S13 - E01 - Pterdactyls - Alive.mp4,Wildlife On One - S13 - E01 - Pterdactyls - Alive,.mp4,24.73
Wildlife On One - S15 - E01 - Meerkats United.mp4,https://archive.org/download/WildlifeDocumentaries/Wildlife On One - S15 - E01 - Meerkats United.mp4,Wildlife On One - S15 - E01 - Meerkats United,.mp4,22.37
Wildlife On One - S15 - E05 - Birds Of The Sun God.mp4,https://archive.org/download/WildlifeDocumentaries/Wildlife On One - S15 - E05 - Birds Of The Sun God.mp4,Wildlife On One - S15 - E05 - Birds Of The Sun God,.mp4,28.21
"Wildlife On One - S15 - E06 - Ladybird, Ladybird.mp4","https://archive.org/download/WildlifeDocumentaries/Wildlife On One - S15 - E06 - Ladybird, Ladybird.mp4","Wildlife On One - S15 - E06 - Ladybird, Ladybird",.mp4,29.32
Wildlife On One - S16 - E03 - Punk Puffins And Hard Rock.mp4,https://archive.org/download/WildlifeDocumentaries/Wildlife On One - S16 - E03 - Punk Puffins And Hard Rock.mp4,Wildlife On One - S16 - E03 - Punk Puffins And Hard Rock,.mp4,29.4
Wildlife On One - S16 - E04 - Odd Noses Of Borneo.mp4,https://archive.org/download/WildlifeDocumentaries/Wildlife On One - S16 - E04 - Odd Noses Of Borneo.mp4,Wildlife On One - S16 - E04 - Odd Noses Of Borneo,.mp4,28.88
Wildlife On One - S16 - E06 - Oasis.mp4,https://archive.org/download/WildlifeDocumentaries/Wildlife On One - S16 - E06 - Oasis.mp4,Wildlife On One - S16 - E06 - Oasis,.mp4,29.13
Wildlife On One - S16 - E07 - The Tale Of The Pregnant Male.mp4,https://archive.org/download/WildlifeDocumentaries/Wildlife On One - S16 - E07 - The Tale Of The Pregnant Male.mp4,Wildlife On One - S16 - E07 - The Tale Of The Pregnant Male,.mp4,28.44
Wildlife On One - S16 - E08 - The Bee Team.mp4,https://archive.org/download/WildlifeDocumentaries/Wildlife On One - S16 - E08 - The Bee Team.mp4,Wildlife On One - S16 - E08 - The Bee Team,.mp4,28.21
Wildlife On One - S16 - E09 - Kingdom Of The Crabs.mp4,https://archive.org/download/WildlifeDocumentaries/Wildlife On One - S16 - E09 - Kingdom Of The Crabs.mp4,Wildlife On One - S16 - E09 - Kingdom Of The Crabs,.mp4,29.07
Wildlife On One - S17 - E01 - Blubber Lovers.mp4,https://archive.org/download/WildlifeDocumentaries/Wildlife On One - S17 - E01 - Blubber Lovers.mp4,Wildlife On One - S17 - E01 - Blubber Lovers,.mp4,29.08
Wildlife On One - S17 - E02 - Unearthing The Mole.mp4,https://archive.org/download/WildlifeDocumentaries/Wildlife On One - S17 - E02 - Unearthing The Mole.mp4,Wildlife On One - S17 - E02 - Unearthing The Mole,.mp4,28.98
Wildlife On One - S17 - E05 - Rockies And Rollers.mp4,https://archive.org/download/WildlifeDocumentaries/Wildlife On One - S17 - E05 - Rockies And Rollers.mp4,Wildlife On One - S17 - E05 - Rockies And Rollers,.mp4,29.37
Wildlife On One - S18 - E02 - Backstreet Bandits.mp4,https://archive.org/download/WildlifeDocumentaries/Wildlife On One - S18 - E02 - Backstreet Bandits.mp4,Wildlife On One - S18 - E02 - Backstreet Bandits,.mp4,29.05
Wildlife On One - S18 - E08 - Sky Raider.mp4,https://archive.org/download/WildlifeDocumentaries/Wildlife On One - S18 - E08 - Sky Raider.mp4,Wildlife On One - S18 - E08 - Sky Raider,.mp4,28.86
Wildlife On One - S19 - E04 - Flying Foresters.mp4,https://archive.org/download/WildlifeDocumentaries/Wildlife On One - S19 - E04 - Flying Foresters.mp4,Wildlife On One - S19 - E04 - Flying Foresters,.mp4,28.98
Wildlife On One - S20 - E01 - March Of The Flamebirds.mp4,https://archive.org/download/WildlifeDocumentaries/Wildlife On One - S20 - E01 - March Of The Flamebirds.mp4,Wildlife On One - S20 - E01 - March Of The Flamebirds,.mp4,26.77
Wildlife On One - S20 - E03 - The Swarm.mp4,https://archive.org/download/WildlifeDocumentaries/Wildlife On One - S20 - E03 - The Swarm.mp4,Wildlife On One - S20 - E03 - The Swarm,.mp4,28.76
Wildlife On One - S20 - E07 - They Came From The Sea.mp4,https://archive.org/download/WildlifeDocumentaries/Wildlife On One - S20 - E07 - They Came From The Sea.mp4,Wildlife On One - S20 - E07 - They Came From The Sea,.mp4,29.18
Wildlife On One - S20 - E10 - Shadow Of The Hare.mp4,https://archive.org/download/WildlifeDocumentaries/Wildlife On One - S20 - E10 - Shadow Of The Hare.mp4,Wildlife On One - S20 - E10 - Shadow Of The Hare,.mp4,22.02
Wildlife On One - S21 - E06 - White Birds Of Winter.mp4,https://archive.org/download/WildlifeDocumentaries/Wildlife On One - S21 - E06 - White Birds Of Winter.mp4,Wildlife On One - S21 - E06 - White Birds Of Winter,.mp4,28.84
Wildlife On One - S22 - E01 - The Tale Of The Big Bad Fox.mp4,https://archive.org/download/WildlifeDocumentaries/Wildlife On One - S22 - E01 - The Tale Of The Big Bad Fox.mp4,Wildlife On One - S22 - E01 - The Tale Of The Big Bad Fox,.mp4,28.44
Wildlife On One - S22 - E03 - Night Of The Leopard.mp4,https://archive.org/download/WildlifeDocumentaries/Wildlife On One - S22 - E03 - Night Of The Leopard.mp4,Wildlife On One - S22 - E03 - Night Of The Leopard,.mp4,28.55
Wildlife On One - S23 - E02 - Meerkats Divided.mp4,https://archive.org/download/WildlifeDocumentaries/Wildlife On One - S23 - E02 - Meerkats Divided.mp4,Wildlife On One - S23 - E02 - Meerkats Divided,.mp4,23.19
Wildlife On One - S23 - E10 - The Rat Race.mp4,https://archive.org/download/WildlifeDocumentaries/Wildlife On One - S23 - E10 - The Rat Race.mp4,Wildlife On One - S23 - E10 - The Rat Race,.mp4,28.86
Wildlife On One - S24 - E04 - The Eagle Empire.mp4,https://archive.org/download/WildlifeDocumentaries/Wildlife On One - S24 - E04 - The Eagle Empire.mp4,Wildlife On One - S24 - E04 - The Eagle Empire,.mp4,28.66
"Wildlife On One - S25 - E02 - Zebra, The Trailblazers.mp4","https://archive.org/download/WildlifeDocumentaries/Wildlife On One - S25 - E02 - Zebra, The Trailblazers.mp4","Wildlife On One - S25 - E02 - Zebra, The Trailblazers",.mp4,28.57
Wildlife On One - S27 - E01 - Should Elephants Weep.mp4,https://archive.org/download/WildlifeDocumentaries/Wildlife On One - S27 - E01 - Should Elephants Weep.mp4,Wildlife On One - S27 - E01 - Should Elephants Weep,.mp4,28.83
Wildlife On One - S27 - E03 - Squirrels Under Siege.mp4,https://archive.org/download/WildlifeDocumentaries/Wildlife On One - S27 - E03 - Squirrels Under Siege.mp4,Wildlife On One - S27 - E03 - Squirrels Under Siege,.mp4,28.73
"Wildlife On One - S27 - E04 - Ospreys, The Fish Hawks.mp4","https://archive.org/download/WildlifeDocumentaries/Wildlife On One - S27 - E04 - Ospreys, The Fish Hawks.mp4","Wildlife On One - S27 - E04 - Ospreys, The Fish Hawks",.mp4,28.77
Wildlife On One - S27 - E05 - Reef Wise.mp4,https://archive.org/download/WildlifeDocumentaries/Wildlife On One - S27 - E05 - Reef Wise.mp4,Wildlife On One - S27 - E05 - Reef Wise,.mp4,28.69
"Wildlife On One - S27 - E06 - Giraffe, The Impossible Animal.mp4","https://archive.org/download/WildlifeDocumentaries/Wildlife On One - S27 - E06 - Giraffe, The Impossible Animal.mp4","Wildlife On One - S27 - E06 - Giraffe, The Impossible Animal",.mp4,28.8
Wildlife On One - S29 - E01 - Pussies Galore.mp4,https://archive.org/download/WildlifeDocumentaries/Wildlife On One - S29 - E01 - Pussies Galore.mp4,Wildlife On One - S29 - E01 - Pussies Galore,.mp4,28.01
Wildlife On One - S29 - E06 - The Real Macaw.mp4,https://archive.org/download/WildlifeDocumentaries/Wildlife On One - S29 - E06 - The Real Macaw.mp4,Wildlife On One - S29 - E06 - The Real Macaw,.mp4,28.41
Wildlife On One - S30 - E02 - Sensitive Sharks.mp4,https://archive.org/download/WildlifeDocumentaries/Wildlife On One - S30 - E02 - Sensitive Sharks.mp4,Wildlife On One - S30 - E02 - Sensitive Sharks,.mp4,22.52
"Wildlife On One - S30 - E08 - Giant Otters, Wolves Of The River.mp4","https://archive.org/download/WildlifeDocumentaries/Wildlife On One - S30 - E08 - Giant Otters, Wolves Of The River.mp4","Wildlife On One - S30 - E08 - Giant Otters, Wolves Of The River",.mp4,28.37
Wildlife On One - S30 - E09 - The Octopus Challenge.mp4,https://archive.org/download/WildlifeDocumentaries/Wildlife On One - S30 - E09 - The Octopus Challenge.mp4,Wildlife On One - S30 - E09 - The Octopus Challenge,.mp4,29.44
Wildlife On One - S30 - E11 - Enter The Mantis.mp4,https://archive.org/download/WildlifeDocumentaries/Wildlife On One - S30 - E11 - Enter The Mantis.mp4,Wildlife On One - S30 - E11 - Enter The Mantis,.mp4,23.11
"Wildlife On One - S31 - E02 - African Penguin, A Cool Bird In A Hot Spot.mp4","https://archive.org/download/WildlifeDocumentaries/Wildlife On One - S31 - E02 - African Penguin, A Cool Bird In A Hot Spot.mp4","Wildlife On One - S31 - E02 - African Penguin, A Cool Bird In A Hot Spot",.mp4,14.49
"Wildlife On One - S31 - E04 - Iguanas, Living Like Dinosaurs.mp4","https://archive.org/download/WildlifeDocumentaries/Wildlife On One - S31 - E04 - Iguanas, Living Like Dinosaurs.mp4","Wildlife On One - S31 - E04 - Iguanas, Living Like Dinosaurs",.mp4,26.9
Wildlife On One - S31 - E06 - Citizen Cane Toad.mp4,https://archive.org/download/WildlifeDocumentaries/Wildlife On One - S31 - E06 - Citizen Cane Toad.mp4,Wildlife On One - S31 - E06 - Citizen Cane Toad,.mp4,28.41
Wildlife On One - S31 - E08 - Space Age Reptile.mp4,https://archive.org/download/WildlifeDocumentaries/Wildlife On One - S31 - E08 - Space Age Reptile.mp4,Wildlife On One - S31 - E08 - Space Age Reptile,.mp4,14.17
Wildlife On One - S32 - E01 - Super Mums.mp4,https://archive.org/download/WildlifeDocumentaries/Wildlife On One - S32 - E01 - Super Mums.mp4,Wildlife On One - S32 - E01 - Super Mums,.mp4,9.46
"Wildlife On One - S32 - E02 - Dolphins, Deep Thinkers.mp4","https://archive.org/download/WildlifeDocumentaries/Wildlife On One - S32 - E02 - Dolphins, Deep Thinkers.mp4","Wildlife On One - S32 - E02 - Dolphins, Deep Thinkers",.mp4,28.56
Wildlife On One - S32 - E04 - Dragons.mp4,https://archive.org/download/WildlifeDocumentaries/Wildlife On One - S32 - E04 - Dragons.mp4,Wildlife On One - S32 - E04 - Dragons,.mp4,14.06
"Wildlife On One - S32 - E09 - Beavers, The Master Builders.mp4","https://archive.org/download/WildlifeDocumentaries/Wildlife On One - S32 - E09 - Beavers, The Master Builders.mp4","Wildlife On One - S32 - E09 - Beavers, The Master Builders",.mp4,23.1
Wildlife On One - S32 - E10 - Sensitive Scorpion.mp4,https://archive.org/download/WildlifeDocumentaries/Wildlife On One - S32 - E10 - Sensitive Scorpion.mp4,Wildlife On One - S32 - E10 - Sensitive Scorpion,.mp4,23.03
Wildlife On One - S33 - E01 - Bears On The Black Run.mp4,https://archive.org/download/WildlifeDocumentaries/Wildlife On One - S33 - E01 - Bears On The Black Run.mp4,Wildlife On One - S33 - E01 - Bears On The Black Run,.mp4,28.96
"Wildlife On One - S33 - E03 - Monitor Lizard, Africa's Greatest Thief.mp4","https://archive.org/download/WildlifeDocumentaries/Wildlife On One - S33 - E03 - Monitor Lizard, Africa's Greatest Thief.mp4","Wildlife On One - S33 - E03 - Monitor Lizard, Africa's Greatest Thief",.mp4,28.47
Wildlife On One - S33 - E04 - Gadgets Galore.mp4,https://archive.org/download/WildlifeDocumentaries/Wildlife On One - S33 - E04 - Gadgets Galore.mp4,Wildlife On One - S33 - E04 - Gadgets Galore,.mp4,28.94
"Wildlife On One - S33 - E05 - Capuchins, The Monkey Puzzle.mp4","https://archive.org/download/WildlifeDocumentaries/Wildlife On One - S33 - E05 - Capuchins, The Monkey Puzzle.mp4","Wildlife On One - S33 - E05 - Capuchins, The Monkey Puzzle",.mp4,28.56
"Wildlife On One - S33 - E06 - Dragonfly, Beauty Or Beast.mp4","https://archive.org/download/WildlifeDocumentaries/Wildlife On One - S33 - E06 - Dragonfly, Beauty Or Beast.mp4","Wildlife On One - S33 - E06 - Dragonfly, Beauty Or Beast",.mp4,28.55
Wildlife On One - S33 - E07 - King Croc.mp4,https://archive.org/download/WildlifeDocumentaries/Wildlife On One - S33 - E07 - King Croc.mp4,Wildlife On One - S33 - E07 - King Croc,.mp4,22.95
"Wildlife On One - S33 - E08 - Kea, The Smartest Parrot.mp4","https://archive.org/download/WildlifeDocumentaries/Wildlife On One - S33 - E08 - Kea, The Smartest Parrot.mp4","Wildlife On One - S33 - E08 - Kea, The Smartest Parrot",.mp4,23.13
"Wildlife On One - S33 - E09 - Wildebeest, The Super Herd.mp4","https://archive.org/download/WildlifeDocumentaries/Wildlife On One - S33 - E09 - Wildebeest, The Super Herd.mp4","Wildlife On One - S33 - E09 - Wildebeest, The Super Herd",.mp4,29.0
"Wildlife On One - S33 - E10 - Crabs, Claw Wars.mp4","https://archive.org/download/WildlifeDocumentaries/Wildlife On One - S33 - E10 - Crabs, Claw Wars.mp4","Wildlife On One - S33 - E10 - Crabs, Claw Wars",.mp4,28.94
WildlifeDocumentaryCollection.mp4,https://archive.org/download/WildlifeDocumentaries/WildlifeDocumentaryCollection.mp4,WildlifeDocumentaryCollection,.mp4,0.06
Wolf - The Legendary Outlaw.mp4,https://archive.org/download/WildlifeDocumentaries/Wolf - The Legendary Outlaw.mp4,Wolf - The Legendary Outlaw,.mp4,49.42
Zambezi - S01 - E01 - Lord Of The Land.mp4,https://archive.org/download/WildlifeDocumentaries/Zambezi - S01 - E01 - Lord Of The Land.mp4,Zambezi - S01 - E01 - Lord Of The Land,.mp4,39.56
Zambezi - S01 - E02 - The Ancient Highway.mp4,https://archive.org/download/WildlifeDocumentaries/Zambezi - S01 - E02 - The Ancient Highway.mp4,Zambezi - S01 - E02 - The Ancient Highway,.mp4,39.73
Zambezi - S01 - E03 - Livingstone's River.mp4,https://archive.org/download/WildlifeDocumentaries/Zambezi - S01 - E03 - Livingstone's River.mp4,Zambezi - S01 - E03 - Livingstone's River,.mp4,39.49
Zoo Quest For A Dragon - S01 - E01 - Borneo - Part 01.mp4,https://archive.org/download/WildlifeDocumentaries/Zoo Quest For A Dragon - S01 - E01 - Borneo - Part 01.mp4,Zoo Quest For A Dragon - S01 - E01 - Borneo Part 01,.mp4,29.43
Zoo Quest For A Dragon - S01 - E02 - Borneo - Part 02.mp4,https://archive.org/download/WildlifeDocumentaries/Zoo Quest For A Dragon - S01 - E02 - Borneo - Part 02.mp4,Zoo Quest For A Dragon - S01 - E02 - Borneo Part 02,.mp4,24.38
Zoo Quest For A Dragon - S01 - E03 - Java.mp4,https://archive.org/download/WildlifeDocumentaries/Zoo Quest For A Dragon - S01 - E03 - Java.mp4,Zoo Quest For A Dragon - S01 - E03 - Java,.mp4,24.04
Zoo Quest For A Dragon - S01 - E04 - Bali - Part 01.mp4,https://archive.org/download/WildlifeDocumentaries/Zoo Quest For A Dragon - S01 - E04 - Bali - Part 01.mp4,Zoo Quest For A Dragon - S01 - E04 - Bali Part 01,.mp4,28.54
Zoo Quest For A Dragon - S01 - E05 - Bali - Part 02.mp4,https://archive.org/download/WildlifeDocumentaries/Zoo Quest For A Dragon - S01 - E05 - Bali - Part 02.mp4,Zoo Quest For A Dragon - S01 - E05 - Bali Part 02,.mp4,29.52
Zoo Quest For A Dragon - S01 - E06 - Dragons Of Komodo.mp4,https://archive.org/download/WildlifeDocumentaries/Zoo Quest For A Dragon - S01 - E06 - Dragons Of Komodo.mp4,Zoo Quest For A Dragon - S01 - E06 - Dragons Of Komodo,.mp4,30.6
Zoo Quest To Madagascar - S01 - E01.mp4,https://archive.org/download/WildlifeDocumentaries/Zoo Quest To Madagascar - S01 - E01.mp4,Zoo Quest To Madagascar - S01 - E01,.mp4,29.4
Zoo Quest To Madagascar - S01 - E02.mp4,https://archive.org/download/WildlifeDocumentaries/Zoo Quest To Madagascar - S01 - E02.mp4,Zoo Quest To Madagascar - S01 - E02,.mp4,29.56
Zoo Quest To Madagascar - S01 - E03.mp4,https://archive.org/download/WildlifeDocumentaries/Zoo Quest To Madagascar - S01 - E03.mp4,Zoo Quest To Madagascar - S01 - E03,.mp4,88.12
Zoo Quest To Madagascar - S01 - E04.mp4,https://archive.org/download/WildlifeDocumentaries/Zoo Quest To Madagascar - S01 - E04.mp4,Zoo Quest To Madagascar - S01 - E04,.mp4,58.48
Zoo Quest To Madagascar - S01 - E05.mp4,https://archive.org/download/WildlifeDocumentaries/Zoo Quest To Madagascar - S01 - E05.mp4,Zoo Quest To Madagascar - S01 - E05,.mp4,29.21
Zoo Quest To West Africa.mp4,https://archive.org/download/WildlifeDocumentaries/Zoo Quest To West Africa.mp4,Zoo Quest To West Africa,.mp4,60.57
